[{
		"op":	"replace",
		"path":	"/agamma_calib/GammaTuningPara/Gamma_curve/1",
		"value":	5
	}, {
		"op":	"replace",
		"path":	"/agamma_calib/GammaTuningPara/Gamma_curve/2",
		"value":	10
	}, {
		"op":	"replace",
		"path":	"/agamma_calib/GammaTuningPara/Gamma_curve/3",
		"value":	15
	}, {
		"op":	"replace",
		"path":	"/agamma_calib/GammaTuningPara/Gamma_curve/4",
		"value":	20
	}, {
		"op":	"replace",
		"path":	"/agamma_calib/GammaTuningPara/Gamma_curve/5",
		"value":	25
	}, {
		"op":	"replace",
		"path":	"/agamma_calib/GammaTuningPara/Gamma_curve/6",
		"value":	31
	}, {
		"op":	"replace",
		"path":	"/agamma_calib/GammaTuningPara/Gamma_curve/7",
		"value":	36
	}, {
		"op":	"replace",
		"path":	"/agamma_calib/GammaTuningPara/Gamma_curve/8",
		"value":	41
	}, {
		"op":	"replace",
		"path":	"/agamma_calib/GammaTuningPara/Gamma_curve/9",
		"value":	51
	}, {
		"op":	"replace",
		"path":	"/agamma_calib/GammaTuningPara/Gamma_curve/10",
		"value":	62
	}, {
		"op":	"replace",
		"path":	"/agamma_calib/GammaTuningPara/Gamma_curve/11",
		"value":	72
	}, {
		"op":	"replace",
		"path":	"/agamma_calib/GammaTuningPara/Gamma_curve/12",
		"value":	82
	}, {
		"op":	"replace",
		"path":	"/agamma_calib/GammaTuningPara/Gamma_curve/13",
		"value":	103
	}, {
		"op":	"replace",
		"path":	"/agamma_calib/GammaTuningPara/Gamma_curve/14",
		"value":	123
	}, {
		"op":	"replace",
		"path":	"/agamma_calib/GammaTuningPara/Gamma_curve/15",
		"value":	144
	}, {
		"op":	"replace",
		"path":	"/agamma_calib/GammaTuningPara/Gamma_curve/16",
		"value":	164
	}, {
		"op":	"replace",
		"path":	"/agamma_calib/GammaTuningPara/Gamma_curve/17",
		"value":	204
	}, {
		"op":	"replace",
		"path":	"/agamma_calib/GammaTuningPara/Gamma_curve/18",
		"value":	244
	}, {
		"op":	"replace",
		"path":	"/agamma_calib/GammaTuningPara/Gamma_curve/19",
		"value":	283
	}, {
		"op":	"replace",
		"path":	"/agamma_calib/GammaTuningPara/Gamma_curve/20",
		"value":	321
	}, {
		"op":	"replace",
		"path":	"/agamma_calib/GammaTuningPara/Gamma_curve/22",
		"value":	461
	}, {
		"op":	"replace",
		"path":	"/agamma_calib/GammaTuningPara/Gamma_curve/23",
		"value":	526
	}, {
		"op":	"replace",
		"path":	"/agamma_calib/GammaTuningPara/Gamma_curve/24",
		"value":	587
	}, {
		"op":	"replace",
		"path":	"/agamma_calib/GammaTuningPara/Gamma_curve/25",
		"value":	701
	}, {
		"op":	"replace",
		"path":	"/agamma_calib/GammaTuningPara/Gamma_curve/26",
		"value":	808
	}, {
		"op":	"replace",
		"path":	"/agamma_calib/GammaTuningPara/Gamma_curve/27",
		"value":	908
	}, {
		"op":	"replace",
		"path":	"/agamma_calib/GammaTuningPara/Gamma_curve/30",
		"value":	1324
	}, {
		"op":	"replace",
		"path":	"/agamma_calib/GammaTuningPara/Gamma_curve/32",
		"value":	1587
	}, {
		"op":	"replace",
		"path":	"/agamma_calib/GammaTuningPara/Gamma_curve/34",
		"value":	2003
	}, {
		"op":	"replace",
		"path":	"/agamma_calib/GammaTuningPara/Gamma_curve/36",
		"value":	2326
	}, {
		"op":	"replace",
		"path":	"/agamma_calib/GammaTuningPara/Gamma_curve/39",
		"value":	3005
	}, {
		"op":	"replace",
		"path":	"/agamma_calib/GammaTuningPara/Gamma_curve/41",
		"value":	3493
	}, {
		"op":	"replace",
		"path":	"/agamma_calib/GammaTuningPara/Gamma_curve/42",
		"value":	3412
	}, {
		"op":	"replace",
		"path":	"/agamma_calib/GammaTuningPara/Gamma_curve/43",
		"value":	3580
	}]